id_evenement_api,ville_id,nom,description,date_debut,date_fin,latitude,longitude,adresse
FMAMID031V50XSB0,1,LE DÎNER: SPECIAL NOËL,Le Studio 55 fête Noël,2024-12-28,2024-12-28,43.57706,1.47903,55 Avenue Louis Breguet
FMAMID031V50XCBQ,1,"À LA PAGE, UNE ÉPOPÉE LIBRESQUE","Deux personnages intrépides vous invitent à la redécouverte des… LIVRES ! Oui ! Ces objets étonnants, bizarres, mystérieux, singuliers qui proposent à nos exploratrices un terrain de jeu jubilatoire.
A partir de 1 ans.",2024-11-06,2024-11-30,43.60941,1.43917,30 Rue de la Chaîne
FMAMID031V50XOCA,1,AHMED SYLLA,"Origami : ou l’art du pliage.
Je vois nos destins comme des origamis qui se plient à des choix, des joies et des peines, des victoires et des échecs...",2025-02-09,2025-02-09,43.598264,1.4092542,11 Avenue Raymond Badiou
FMAMID031V50XMXJ,1,"ALAIN SOUCHON, OURS ET PIERRE SOUCHON","Spectacle Odyssud Hors les murs.
Voici donc Alain, Pierre et Charles (plus connu sous son nom d’artiste, Ours) prêts à sillonner la France, cinq ans après la sortie de l’album Âme fifties, qui était déjà le fruit d’une étroite collaboration du trio.",2025-03-29,2025-03-30,43.60029,1.45457,11 Place Dominique-Martin Dupuy
FMAMID031V50RM97,1,BALADE URBAINE DE SAINT-CYPRIEN - AU NOM DE LA CHARITÉ,"Organisée par l'association En Quête de Patrimoine, la visite sera animée par Aline et Patrick, bénévoles à l’association.",2024-11-22,2024-11-24,43.59971,1.43303,Rue du Pont Saint-Pierre
FMAMID031V50XN13,1,BESTIAIRES ET CROQUIS,"En lien avec l’Opéra Urbain « Le Gardien du Temple, opus 2-La Porte des Ténèbres » la médiathèque José-Cabanis présente une exposition de croquis et de maquettes de François Delaroziere et de la Compagnie La Machine.",2024-10-15,2025-01-19,43.61026,1.455431,1 Allée Jacques Chaban-delmas
FMAMID031V50W4TC,1,BIEN MANGER À ST-CYP',"À St-Cyp', bien manger est un art de vivre. Alors que diriez-vous d'une balade immersive et gourmande comme si vous étiez un habitant du quartier ? À vous l'histoire qui met l'eau à la bouche et la dégustation de produits de qualité!",2024-10-23,2024-11-23,43.59866,1.43681,1 Place Charles Laganne
FMAMID031V50XOC6,1,BOLÉRO,"HOMMAGE à MAURICE RAVEL.
Pièce phare de l’histoire de la musique et de la danse, le Boléro de Maurice Ravel est l’une des œuvres françaises les plus reconnues au monde.",2025-02-08,2025-02-08,43.598264,1.4092542,11 Avenue Raymond Badiou
FMAMID031V50FDMG,1,CAP SUR TOULOUSE MÉTROPOLE : L'UNION,"Voici une commune qui porte bien son nom ! De son olivier millénaire à sa place San Blago di Callalta, de ses vestiges antiques à son château de Malpagat, L'Union a su parfaitement allier patrimoine ancien et contemporain.",2024-12-21,2024-12-21,43.656899,1.4842267,6 bis avenue des Pyrénées
FMAMID031V50W22S,1,CHAMBER ORCHESTRA OF EUROPE,"LES GRANDS INTERPRÈTES
Dans son répertoire, le Chamber Orchestra of Europe est l’une des références mondiales !",2025-03-26,2025-03-26,43.5998852,1.45417761,1 place Dupuy
FMAMID031V50ORNL,1,CHÂTEAU ET PARC DE REYNERIE,"En partenariat avec l'Espace Patrimoine. Le château de Reynerie est un site méconnu, niché au cœur du Mirail.  Cette folie architecturale du XVIIIe siècle recèle bien des secrets.",2024-09-14,2024-12-14,43.57279,1.39696,160 Chemin de Lestang
FMAMID031V50W61C,1,COPPÉLIA,"Léo Delibes (1836 - 1891) 
Accomplissement du ballet-pantomime, Coppélia, créé le 25 mai 1870, est l’un des ballets les plus représentatifs de l’école française, basé sur le style raffiné enseigné au Ballet de l’Opéra de Paris.",2025-04-18,2025-04-25,43.60447,1.44379,Place du Capitole
FMAMID031V50XOUL,1,ÉCLATS CUIVRÉS,"Les Clefs de Saint-Pierre s’invitent à l'Auditorium Saint-Pierre des Cuisines pour une heure de musique à prix doux, toujours en compagnie des musiciens de l’Orchestre National du Capitole !",2025-01-06,2025-01-06,43.6043737,1.4357169,12 place Saint-Pierre
FMAMID031V50XP2A,1,ELECTRO SYMPHONY,LORDS OF THE SOUND PRÉSENTE SON NOUVEAU SPECTACLE : ELECTRO SYMPHONY,2025-05-07,2025-05-07,43.598264,1.4092542,11 Avenue Raymond Badiou
FMAMID031V50XN3F,1,EVA JOSPIN,L'artiste EVA JOSPIN présente un ensemble d’œuvres créées ou sélectionnées pour construire un dialogue avec l’architecture de la chapelle de La Grave.,2024-12-11,2025-03-30,43.60071,1.43381,23 Rue du Pont Saint-Pierre
FMAMID031V50FHWI,1,FESTIVAL TERRES D'AILLEURS,Un festival sous le signe du voyage et de la découverte !,2024-11-21,2024-11-24,43.5939499,1.44928379,35 Allées Jules-Guesde
FMAMID031V50NZZR,1,FRAGMENTS #4,La Chambre de Métiers et de l’Artisanat Occitanie lance la 4ème édition de ce salon dédié aux métiers d’art. Il rassemble plus de 80 professionnels des métiers d’art !,2024-11-28,2024-12-01,43.5995132,1.4364471,2 Rue Charles Viguerie
FMAMID031V50XO60,1,GAËL - MIRAGE,"Embarquez pour un vol magique !
De`s son plus jeune a^ge, Gae¨l, a toujours eu deux re^ves dans sa vie, celui de devenir un jour magicien pour faire re^ver petits et grands mais aussi celui d’e^tre un jour pilote d’avion de chasse et plus particulie`rement de la ce´le`bre Patrouille de France.",2025-01-18,2025-01-18,43.598264,1.4092542,11 Avenue Raymond Badiou
FMAMID031V50XOF2,1,GAZO,"Un rappeur, c’est avant tout une voix. Celle de Gazo est à l’image du personnage : éraillée, grave, et menaçante.",2025-02-21,2025-02-21,43.598264,1.4092542,11 Avenue Raymond Badiou
FMAMID031V50XOCN,1,GIMS,"GIMS, « Le Dernier Tour » : une tournée à ne pas manquer !",2025-02-12,2025-02-12,43.598264,1.4092542,11 Avenue Raymond Badiou
FMAMID031V50XOYN,1,LA FOUINE,"A l'occasion de ses 20 ans de carrière, La Fouine est de retour sur scène. Considéré comme l'un des plus grands talents du rap français, il a su marquer l'histoire et toute une génération avec ses titres emblématiques.",2025-04-15,2025-04-15,43.598264,1.4092542,11 Avenue Raymond Badiou
FMAMID031V50XOX5,1,LA NUIT DU PRINTEMPS,"La Nuit du Printemps 2025 !
L'événement phare du festival du Printemps du Rire",2025-03-28,2025-03-28,43.598264,1.4092542,11 Avenue Raymond Badiou
FMAMID031V50XS2N,1,LA PIEUVRE IRRÉFUTABLE,"Les huit musiciens de La Pieuvre Irréfutable sont issus de nombreux groupes phares de la scène jazz, rock et musiques improvisées de Toulouse.",2024-11-23,2024-12-17,43.55353,1.5289,1B Place Jean Bellières
FMAMID031V50XWX1,1,LAURENT BARDAINNE ET TIGRE D'EAU DOUCE,"Jazz.
Après le succès retentissant de son précédent album « Hymne au soleil », le compositeur revient avec une nouvelle création, « Eden Beach Club », évoquant une destination paradisiaque où tout n’est qu’une longue étendue de sable fin.",2024-11-29,2024-11-29,43.62122,1.40825,20 Chemin de Garric
FMAMID031V50XSAH,1,LE CHALET DE LA TENTATION,"Quand Strass et paillettes se transforment en stress et raclette. 
Entre tentation et séduction, difficile de ne pas succomber à la trahison.",2024-12-11,2024-12-15,43.6213,1.46744,156 bis Avenue de Lavaur
FMAMID031V50XSD9,1,LE VOYAGEUR DU TEMPS,"Depuis tout ce temps, pOm’ récolte les histoires de temps, de moment, d’instant, de présent à tous les temps, par tous les temps, mais dès à présent, pOm’ se retrouve bloqué à contre temps avec sa drôle de carriole en surcharge.
A partir de 4 ans",2024-11-20,2024-11-20,43.63929,1.45598,67 Chemin Pujibet
FMAMID031V50UQQI,1,LES 4 SAISONS DE VIVALDI,"La genèse de l’orchestre Paris Classik part d’une amitié de longue date entre les musiciens qui le compose.
Bertrand Cervera, soliste de l’orchestre national de France, à crée en 2008 l’orchestre Paris Classik qui est produit par Euromusic.",2025-01-02,2025-01-02,43.60411,1.45413,45 Rue Pierre-Paul Riquet
FMAMID031V50IRMP,1,LES CATHARES À TOULOUSE,Qui étaient les Bons Hommes?? Pourquoi les Parfaits ont fait trembler l’Église?? Découvrez aussi comment la croisade lancée en 1209 va redessiner les frontières de l’Occitanie tout en amenant l’Église à se doter d’un tribunal contre les hérétiques.,2024-09-29,2024-12-04,43.6043793,1.4447857,Square du Général De Gaulle
FMAMID031V50XOE3,1,LES MUSIQUES DE JOHN WILLIAMS ET HANS ZIMMER EN CONCERT SYMPHONIQUE,"Interstellar, Jurassic Park, The Dark Knight, Harry Potter, Inception, Star Wars ou encore Pirates des Caraïbes… redécouvrez vos musiques de films préférées lors d'un concert symphonique exceptionnel avec plus 70 musiciens sur scène !",2025-02-15,2025-02-15,43.598264,1.4092542,11 Avenue Raymond Badiou
FMAMID031V50W5VW,1,MAGIE BALANCHINE,"Piotr Ilitch Tchaïkovski (1840-1893) | George Gershwin (1898-1937)
Le grand maître du ballet néoclassique, George Balanchine, revient sur la scène du Capitole avec trois de ses succès mondiaux.",2024-12-20,2024-12-31,43.60447,1.44379,Place du Capitole
FMAMID031V50XOWV,1,MONTREUX COMEDY - LA TOURNÉE,"Pour la première fois, le plus grand festival d’humour francophone part en tournée dans toute la France.",2025-03-20,2025-03-20,43.598264,1.4092542,11 Avenue Raymond Badiou
FMAMID031V50X87J,1,MURDER PARTY AUX JACOBINS,"Un drame tragique a eu lieu au couvent des Jacobins, et vous êtes appelés à résoudre l'énigme. Les suspects sont enfermés, et votre mission consiste à découvrir l'identité du meurtrier, le lieu du crime et l'arme utilisée.",2024-10-03,2024-12-12,43.6034816,1.4404851,Allée Maurice Prin
FMAMID031V50MOZO,1,NOCTURNE AUX LAMPIONS,"Visitez le monument à la lumière de votre lanterne, tel un visiteur du Moyen Âge.",2025-01-30,2025-03-13,43.6034816,1.4404851,Allée Maurice Prin
FMAMID031V50GI3N,1,NOCTURNE DU MARCHÉ VICTOR HUGO,Rendez-vous pour le 3e et dernier rendez-vous de l'année ! Les commerçants vous attendent impatiemment pour partager un moment gourmand et convivial sous le signe du partage.,2024-11-27,2024-11-27,43.6065581,1.4469175,Place Victor Hugo
FMAMID031V50UQEL,1,NOVECENTO,"Monologue poétique d'Alessandro Baricco.
Années 1930, en plein océan Atlantique résonne une musique entre New York et Liverpool : le sound de l’inimitable Atlantic Jazz Band.",2024-12-05,2024-12-21,43.60819,1.45634,26 Rue du Général Jean Compans
FMAMID031V50XW9H,1,NYABINGHI,"D’un village de l’Afrique de l’Ouest aux plages de la Jamaïque, partons à la découverte des origines du reggae, raconté par Nyabinghi, la petite lionne…
A partir de 2 ans.",2024-12-04,2024-12-21,43.60941,1.43917,30 Rue de la Chaîne
FMAMID031V50XFEJ,1,Ô MON PAÏS,"Francis, maire d'un petit village du sud-ouest, veut sauver par tous les moyens le théâtre de sa commune menacé de fermeture par la baisse des subventions.",2024-09-28,2024-12-30,43.60628,1.45565,40 Rue Gabriel Péri
FMAMID031V50XPNQ,1,PARFUMS D'EUROPE CENTRALE,"Les Clefs de Saint-Pierre s’invitent à l'Auditorium Saint-Pierre des Cuisines pour une heure de musique à prix doux, toujours en compagnie des musiciens de l’Orchestre National du Capitole !",2025-03-31,2025-03-31,43.6043737,1.4357169,12 place Saint-Pierre
FMAMID031V50W4SA,1,PETIT TOUR DANS LES COURS,"Une cour plus ou moins cachée, une cour inattendue, une cour qui n’est plus, des cours cloîtrées, un cours d’eau, une cour tout court... Vous l’aurez compris, vous suivez un parcours, dans la ville, sur le thème de la cour !",2024-09-18,2024-12-31,43.603908,1.44470599,Square du Général De Gaulle
FMAMID031V50W4A2,1,PETIT TOUR DANS LES COURS EN LANGUE DES SIGNES FRANÇAISE,"Le nez en l’air et les papilles en éveil, vivez Toulouse de manière insolite et surtout… accessible à tous !",2024-12-27,2024-12-27,43.603908,1.44470599,Square du Général De Gaulle
FMAMID031V50RLQD,1,"PIERRE GEORGES LATÉCOÈRE, L'AVENIR A DES AILES","Une nouvelle exposition temporaire dédiée à Pierre-Georges Latécoère, initiateur de la grande histoire de l’aviation à Toulouse ! Il vous invite à partager son expérience d’entrepreneur visionnaire et vous aide à relever les défis aéronautiques d’aujourd’hui.",2022-12-17,2024-12-31,43.5744976,1.4763196,6 rue Jacqueline Auriol
FMAMID031V50XWWP,1,PROJECTION BUZZ L'ÉCLAIR,"La véritable histoire du légendaire Ranger de l’espace qui, depuis, a inspiré le jouet que nous connaissons tous.",2024-12-08,2024-12-08,43.6493208,1.3212422,Rue du 11 Novembre 1918
FMAMID031V50XOIH,1,QUEEN EXTRAVAGANZA,"Queen Extravaganza qui se produit depuis plus de 10 ans, est un collectif de musiciens talentueux sélectionnés par Roger Taylor et Brian May pour performer les titres du plus grand groupe au monde…",2025-03-19,2025-03-19,43.598264,1.4092542,11 Avenue Raymond Badiou
FMAMID031V50X9RO,1,RENAUD CAPUÇON ET MARTHA ARGERICH (ORCHESTRE NATIONAL DU CAPITOLE),"Un grand concert symphonique sous la direction de Renaud Capuçon, accompagné de la pianiste Martha Argerich.",2025-04-10,2025-04-10,43.60029,1.45457,11 Place Dominique-Martin Dupuy
FMAMID031V50XWDE,1,RETRO FEVER,"[Disco Funk Electric Brass Band]
Retro Fever est né d’une idée assez simple : transformer n’importe quel lieu en piste de danse.",2024-11-28,2024-11-28,43.60594,1.42788,23 Rue des Amidonniers
FMAMID031V50X9QJ,1,RICCARDO MINASI / JEAN-GUIHEN QUEYRAS (ORCHESTRE NATIONAL DU CAPITOLE),"Un grand concert symphonique sous la direction de Riccardo Minasi, accompagné du violoncelliste Jean-Guihen Quieyras.",2025-02-27,2025-02-27,43.60029,1.45457,11 Place Dominique-Martin Dupuy
FMAMID031V50W221,1,SAMARA JOY,"LES GRANDS INTERPRÈTES
Une révélation ! Native du Bronx, Samara Joy est devenue la nouvelle référence du jazz vocal.",2025-03-17,2025-03-17,43.5998852,1.45417761,1 place Dupuy
FMAMID031V50RJI4,1,STÉPHANE DEGOUT,"Mélodies de Gabriel Fauré, Henri Duparc, Johannes Brahms, Robert Schumann.
L’un des plus grands barytons français d’aujourd’hui revient sur scène pour un somptueux récital.",2024-11-20,2024-11-20,43.60447,1.44379,Place du Capitole
FMAMID031V50RJZ7,1,"SYNCHRO, FESTIVAL DE CINÉ-CONCERTS","Un festival entièrement consacré au cinéma muet et au ciné-concert, deux dimensions qui font partie  de l’ADN de la Cinémathèque. Que vous soyez mélomane, cinéphile ou amoureux des deux arts, SYNCHRO vous attend tous pour partager du grand spectacle !",2024-11-25,2024-12-15,43.6070932,1.4421276,
FMAMID031V50X9QB,1,TARMO PELTOKOSKI / SOL GABETTA (ORCHESTRE NATIONAL DU CAPITOLE),"Un grand concert symphonique sous la direction de Tarmo Peltokoski, accompagné de la violoncelliste Sol Gabetta.",2025-02-27,2025-02-27,43.60029,1.45457,11 Place Dominique-Martin Dupuy
FMAMID031V50UW1Q,1,TOULOUSE SECRÈTE OU LA VILLE MÉCONNUE,"Vous voulez visiter la ville différemment et sortir des sentiers battus ? Cette visite va vous surprendre.  Détails cachés, petites histoires et trésors insoupçonnés ne demandent qu’à être révélés...",2024-09-08,2024-12-30,43.603908,1.44470599,Square du Général De Gaulle
FMAMID031V50W1YL,1,TRIO ZELIHA,"Saison Les Arts Renaissants
Échos romantiques, de Schubert à Brahms.",2025-01-07,2025-01-07,43.60407,1.43547,12 Place Saint-Pierre
FMAMID031V50W203,1,"VITTORIO GHIELMI, LUCA PIANCA ET CHRISTOPH URBANETZ",Le secret de monsieur Marin Marais,2025-03-06,2025-03-06,43.60336,1.44584,2 Rue du Lieutenant-Colonel Pélissier
FMAMID031FS00AI9,1,MARCHE DE NOEL DE BLAGNAC,Féérie de Noël au parc des Ramiers ! 75 chalets vous accueillent dans une ambiance féerique et un décor unique durant ces 5 jours de célébrations !,2024-12-04,2024-12-08,43.63484,1.40037,Allée du Canalet
FMAMID031V50X9O0,1,CONCERT DU NOUVEL AN (ORCHESTRE NATIONAL DU CAPITOLE),"Tout au long de sa vie, Beethoven repoussa les limites de la symphonie jusqu’à atteindre un point culminant avec sa Neuvième, idéal absolu du genre dont bien des compositeurs espérèrent approcher la perfection.",2024-12-31,2025-01-02,43.60029,1.45457,11 Place Dominique-Martin Dupuy
FMAMID031V50W693,1,AUTRES VOYAGES,"Schoenberg, Berio, Mantovani.
En écho à la création de son opéra Voyage d’automne.",2024-11-23,2024-11-23,43.60447,1.44379,Place du Capitole
FMAMID031V50UCYO,1,BALADE URBAINE DE BONNEFOY,Organisées par l'association En Quête de Patrimoine.,2024-12-07,2024-12-08,43.61502,1.45145,Rue du Maroc
FMAMID031V50W23E,1,BERTRAND CHAMAYOU,"LES GRANDS INTERPRÈTES
Ravel composa Gaspard de la Nuit comme un défi, pour surpasser la virtuosité déjà inouïe d’Islamey de Balakirev. Les deux pièces, au sommet de l’art du piano seront encadrées par d’autres chefs-d’œuvre de Liszt et Ravel.",2025-04-29,2025-04-29,43.5998852,1.45417761,1 place Dupuy
FMAMID031V50XSDZ,1,BRICE ET JOJO FÊTENT NOËL,"Dans ce nouveau spectacle, Brice et Jojo préparent Noël en famille !
A partir de 3 ans",2024-12-11,2024-12-15,43.63929,1.45598,67 Chemin Pujibet
FMAMID031V50K84P,1,BROCANTE DES ALLÉES,Venez chiner en famille ou entre amis à la brocante des allées François-Verdier en plein cœur de Toulouse !,2024-09-06,2024-12-08,43.59853,1.45199,Allées Forain-François Verdier
FMAMID031V50UHMG,1,CASSE-NOISETTE - BALLET ET ORCHESTRE,"Dans ce conte de Noël, la jeune Clara reçoit en cadeau un casse-noisette en forme de petit bonhomme. Au cours d’une nuit animée par une mystérieuse magie, les jouets, menés par Casse-Noisette, se livrent à une bataille acharnée contre les affreuses souris de la maison.",2024-11-22,2024-11-22,43.598264,1.4092542,11 Avenue Raymond Badiou
FMAMID031V50XOXG,1,CELTIC LEGENDS,"CELTIC LEGENDS fait son grand retour avec un tout nouveau spectacle, plongeant au cœur de la tradition et de la puissance indomptable de l'île d'Émeraude !",2025-03-19,2025-03-19,43.598264,1.4092542,11 Avenue Raymond Badiou
FMAMID031V50XQZX,1,CEST ENCORE MIEUX L'APRÈS-MIDI,"Une comédie qui claque autant que les 6 portes de cette joyeuse fête.

Durée : 1h30",2024-12-14,2024-12-31,43.5827373,1.34529442,Place Roger Panouse
FMAMID031V50W614,1,CHANSONS DANSÉES,"Van Cauwenbergh / Runacre-Temple / Bigonzetti 
Chansons dansées est à la fois un hommage à la chanson à textes française et à la chanson traditionnelle d’Italie du sud.",2025-03-07,2025-03-12,43.60447,1.44379,Place du Capitole
FMAMID031V50TQZ9,1,DES ORNEMENTS EN SÉRIE,Visite guidée proposée par l'Espace patrimoine en partenariat avec l’office de tourisme de Toulouse.,2024-11-23,2024-12-14,43.599702,1.444301,Place de la Trinité
FMAMID031V50VHL2,1,DISNEY EN CONCERT,Disney en Concert : « Magical Music from the movies » revient en France en 2024 pour une tournée de spectacles exceptionnels !,2024-12-07,2024-12-07,43.598264,1.4092542,11 Avenue Raymond Badiou
FMAMID031V50XOYE,1,ÉLODIE POUX,"Comment passe-t-on d'animatrice périscolaire à humoriste ?
A cette question, très souvent posée, Elodie Poux a voulu répondre de la plus belle des manières : avec un spectacle !",2025-04-12,2025-04-12,43.598264,1.4092542,11 Avenue Raymond Badiou
FMAMID031V50RIUT,1,FESTIVAL CULTURE BAR-BARS,"Vos cafés, bars et club locaux vous ouvrent offrent pour cette 22e édition une programmation artistique abondante, diverse, variée et indépendante.",2024-11-28,2024-11-30,43.6046256,1.444205,
FMAMID031V50V1P1,1,FESTIVAL DU LIVRE DE JEUNESSE EN OCCITANIE,Le festival est de retour à Saint-Orens de Gameville et dans les communes de Toulouse Métropole pour sa 23e édition autour de la figure du héros dans la littérature jeunesse.,2025-01-25,2025-01-26,43.560096,1.5305465,
FMAMID031V50X8VW,1,GÉNÉRATION MITTERRAND,"Avec sa compagnie des Animaux en paradis, Léo Cohen-Paperman s’est lancé un sacré défi : faire le portrait théâtral des huit présidents de la Vème République, de De Gaulle à Macron. Génération Mitterrand est le deuxième épisode de la série.",2024-11-19,2024-11-20,43.594181,1.44895,35 Allées Jules Guesde
FMAMID031V50XC5C,1,GIRLS DON’T CRY PARTY,"Le festival le plus joyeux et de l’automne, de musiques électroniques et expérimentale queer et féminine prend ses quartiers pour une 4e édition !",2024-11-22,2024-11-24,43.59947,1.40838,16 Avenue Raymond Badiou
FMAMID031V50LD0G,1,GRANDES ET PETITES AFFAIRES CRIMINELLES,Justice et injustice ont marqué l’histoire toulousaine. Ici se sont joués des drames et se sont jugées des affaires qui auraient pu faire basculer l’Histoire de France. De lieu en lieu on vous révèle les destins extraordinaires de personnalités héroïques… ou inquiétantes.,2024-11-19,2024-12-29,43.6045802,1.4451303,Square du Général De Gaulle
FMAMID031V50XS40,1,HASSAN DE MONACO,"Véritable Doliprane de l'humour !
Nouvelle molécule issue d'un Laboratoire Monégasque.
Principe actif Marocain.
Composition: Autodérision, Finesse, Élégance, Tendresse.",2024-12-12,2024-12-14,43.59882,1.44279,18 Rue des Paradoux
FMAMID031V50X9OO,1,JOSEP PONS / JAVIER PERIANES (ORCHESTRE NATIONAL DU CAPITOLE),Deux ambassadeurs de choix nous guident dans ce voyage musical : le pianiste Javier Perianes et le chef Josep Pons.,2025-02-06,2025-02-07,43.60029,1.45457,11 Place Dominique-Martin Dupuy
FMAMID031V50W3M6,1,JULES CÉSAR,"Georg Friedrich Haendel (1685-1759)
Jules César vient de vaincre Pompée en Égypte. Mais il doit faire face au souverain égyptien Ptolémée, lui-même en conflit de pouvoir avec sa soeur Cléopâtre.",2025-02-21,2025-03-02,43.60447,1.44379,Place du Capitole
FMAMID031V50XX2S,1,LA CIGALE,Le groupe partage des histoires aux textes poétiques au goût d'asphalte et de rudéral.,2024-11-28,2024-11-28,43.5844,1.42761,123 Avenue de Muret
FMAMID031V50UV5L,1,LA CINÉMATHÈQUE JUNIOR EN FÊTE !,La Cinémathèque présente son festival pour la jeunesse. Séances spéciales et ateliers adaptés à tous les âges sont au programme de ce week-end de fête . Venez partager en famille une expérience de cinéma hors du commun !,2024-12-13,2024-12-15,43.6071126,1.442091,69 Rue du Taur
FMAMID031V50NHBX,1,LA CINÉMATHÈQUE JUNIOR HORS LES MURS,"Pendant la saison hors les murs, La Cinémathèque Junior propose aux publics jeunes des séances pour tous les âges !",2024-10-27,2024-12-08,43.6007,1.42899,76 Allées Charles de Fitte
FMAMID031V50W7C5,1,LAUGHTON,"Laughton grandit tant bien que mal aux côtés de sa mère, ignoré de l’Ours, cet homme qui occupe la figure paternelle. Il rencontre Vivi dont l’impertinence cache une grande fragilité. 
Lieu : Le Cub - A partir de 10 ans",2025-03-25,2025-03-26,43.604,1.4498,1 Rue Pierre Baudis
FMAMID031V50XY0S,1,LE MARCHÉ DES MAKERS,Bienvenue au marché de Noël dédié aux créateurs curieux et usagés des Fablab.,2024-11-13,2024-12-15,43.60179,1.44279,10 Rue Tripière
FMAMID031V50XX34,1,LE RÉVEILLON DU BIJOU,"Grand Jeu de la St Sylvestre + DJ Set
Pour célébrer le passage à la nouvelle année, Le Bijou vous prépare une soirée inoubliable !",2024-12-31,2024-12-31,43.5844,1.42761,123 Avenue de Muret
FMAMID031V50XSM8,1,LE TENTALISTE,Spectacle de magie et mentalisme,2024-12-06,2024-12-06,43.70833,1.39212,Place du Boulodrome
FMAMID031V50XS3C,1,LES COUILLONS À PARIS,"Une comédie rocambolesque, rat des villes versus rat des champs, à la bonne franquette !",2024-12-31,2024-12-31,43.55353,1.5289,1B Place Jean Bellières
FMAMID031V50AIID,1,LES DIMANCHES DE CRÉATEURS,"Pour cette nouvelle saison 2024, découvrez des styles, des matières et des passionnés avec des créations qui valorisent le savoir faire local et la créativité !",2024-04-14,2024-12-01,43.6036534,1.43546835,Place Saint-Pierre
FMAMID031V50NMXF,1,LES NOCTURNES TOULOUSAINES : NOTRE-DAME-DE-LA-DAURADE,"Se laisser guider dans les couloirs d’un site toulousain en une heure chrono ? C’est parti ! Une lampe de poche à la nuit tombée, une église dans la pénombre, des pas feutrés...",2024-11-29,2024-11-29,43.60107,1.439566,1 Place de la Daurade
FMAMID031V50XOUG,1,LUMIÈRES ROMANTIQUES,"Les Clefs de Saint-Pierre s’invitent à l'Auditorium Saint-Pierre des Cuisines pour une heure de musique à prix doux, toujours en compagnie des musiciens de l’Orchestre National du Capitole !",2024-11-18,2024-11-18,43.6043737,1.4357169,12 place Saint-Pierre
FMAMID031V50XWY1,1,LUSAINT,Lusaint est incontestablement l'une des plus belles sensations vocales de 2024. Elle a conquis les cœurs avec ses mélodies jazz/soul et son timbre de voix teinté de jazz des années 60.,2024-11-18,2024-11-18,43.61196,1.43835,15 Avenue Honoré Serres
FMAMID031V50XRWQ,1,MACADAM À SEC,"Encore et toujours : vive l’Anarchie en République. 40 ans après les « Bérus », ça crisse fort sur le macadam. La jeunesse emmerde le Front national. Oui. Et la vieillesse alors ?
Salle : Foyer",2024-11-20,2024-11-23,43.60719,1.44212,71 Rue du Taur
FMAMID031V50X61E,1,MARCHE DE CRÉATEURS,Rendez-vous pour un chouette événement organisé par l'Association Fait Main 31,2024-09-07,2024-11-23,43.57101,1.47951,Piste des Géants
FMAMID031V50W1G9,1,MARIA JOÃO PIRES,"LES GRANDS INTERPRÈTES

Chacune de ses interprétations reste gravée dans les mémoires : beauté du toucher, limpidité de la sonorité, clarté de la mélodie.",2024-11-19,2024-11-19,43.5998852,1.45417761,1 place Dupuy
FMAMID031V50XMZI,1,MARIANNE JAMES,"Le public la connaît et l'aime pour son franc-parler, sa sensibilité.
Dans ce nouveau seule-en-scène musical, interactif et irrésistiblement drôle, elle endosse le rôle de professeure de chant et emmène les spectateurs à la découverte de leur voix.",2025-02-08,2025-02-08,43.60029,1.45457,11 Place Dominique-Martin Dupuy
FMAMID031V50X9RH,1,MAXIM EMELYANYCHEV (ORCHESTRE NATIONAL DU CAPITOLE),Un grand concert symphonique sous la direction de Maxim Emelyanychev.,2025-04-04,2025-04-04,43.60029,1.45457,11 Place Dominique-Martin Dupuy
FMAMID031V50XRYN,1,MÉLANIE LESAGE,"Nouvel album pour la chanteuse Me´lanie Lesage. Elle vous embarque sur un voilier le long des côtes franc¸aises et vous invite dans l’intimite´ de sa cabine…
Salle : Foyer",2024-12-05,2024-12-05,43.60719,1.44212,71 Rue du Taur
FMAMID031V50XVYF,1,MEURTRE AUX JACOBINS,Un drame terrible s’est produit au couvent des Jacobins et la résolution de ce mystère repose sur vos épaules et celle de votre équipe !,2025-01-23,2025-03-27,43.6037086,1.4398824,Allée Maurice Prin
FMAMID031V50W650,1,MICHAEL VOLLE,Lieder de Franz Schubert.,2025-03-06,2025-03-06,43.60447,1.44379,Place du Capitole
FMAMID031V50W69D,1,MISSA CRIOLLA,"Ariel Ramírez (1921-2010) 
Avec la Missa Criolla, il déploie toute la richesse des couleurs et rythmes créoles au service d’une piété populaire et joyeuse qui transcende les frontières.",2024-12-07,2024-12-08,43.60447,1.44379,Place du Capitole
FMAMID031V50W7BW,1,NEANDERTAL,"Neandertal met en scène un groupe de scientifiques qui se lancent dans une tentative de réécriture de l’Histoire des origines de l’humanité en déchiffrant des fragments d’ADN ancien.
Lieu : La Salle",2025-03-20,2025-03-26,43.604,1.4498,1 Rue Pierre Baudis
FMAMID031V50W3MC,1,NORMA,"Vincenzo Bellini (1801-1835)
Durant la révolte des Gaulois contre Rome, la druidesse Norma est abandonnée par le père secret de ses enfants, le proconsul romain Pollione, qui lui préfère la jeune prêtresse Adalgisa.",2025-03-26,2025-04-06,43.60447,1.44379,Place du Capitole
FMAMID031V50W1IT,1,ORCHESTRE PHILHARMONIQUE DE RADIO FRANCE,"LES GRANDS INTERPRÈTES

Si vous aimez le grand large, les vagues immenses de l’orchestre, la Symphonie n°2 de Rachmaninov a toutes les chances de vous faire chavirer de bonheur.",2024-12-05,2024-12-05,43.5998852,1.45417761,1 place Dupuy
FMAMID031V50UW1G,1,PALAIS DE JUSTICE OU LA VILLE ENFOUIE,"Le palais de justice ouvre juste pour vous sa crypte archéologique : dans son ambiance feutrée, à l’ombre de ses murs épais, découvrez des vestiges de l’histoire toulousaine, celle des Romains, des comtes de Toulouse et bien d’autres encore.",2024-10-26,2024-12-07,43.5940444,1.44670092,2 Allées Jules Guesde
